<?xml version="1.0" encoding="UTF-8" ?>
<!DOCTYPE mapper PUBLIC "-//mybatis.org//DTD Mapper 3.0//EN"
"http://mybatis.org/dtd/mybatis-3-mapper.dtd">

<mapper namespace="com.naver.anytime.mybatis.mapper.CommentMapper">

	<select id="getListCount" resultType="int" parameterType="int">
		select count(*) 
		from comments3
		where board_num = #{board_num}
	</select>

	<select id="getCommentList" resultType="comment" parameterType="map">
	    SELECT *
	    FROM (
	        SELECT ROWNUM rnum, c.*
	        FROM (
	            SELECT num, id, content, reg_date, board_num
	            FROM comments3
	            WHERE board_num = #{board_num}
	            ORDER BY reg_date desc
	        ) c
	        WHERE ROWNUM &lt;= #{end}
	    )
	    WHERE rnum between #{start} and #{end}
	</select>
	
	<insert id="commentsInsert" parameterType="comment">
      insert into comments3 
      values(com_seq3.nextval, #{id}, #{content}, sysdate, #{board_num})
   </insert>
   
   <update id="commentsUpdate" parameterType="comment">
   		update comments3
   		set	content=#{content}
   		where num=#{num}
   </update>
   
   <delete id="commentsDelete" parameterType="int">
   		delete comments3
   		where num=#{num}
   </delete>
	
	
</mapper>