<?xml version="1.0" encoding="UTF-8" ?>
<!DOCTYPE mapper PUBLIC "-//mybatis.org//DTD Mapper 3.0//EN"
"http://mybatis.org/dtd/mybatis-3-mapper.dtd">

<mapper namespace="com.naver.anytime.mybatis.mapper.MemberMapper">
	
	<!-- id체크하기 위한 쿼리문 -->
	<select id="isId" resultType="member" parameterType="String">
		select * from member where login_id = #{login_id}
	</select>
	
	<!-- nickname 체크하기 위한 쿼리문 -->
	<select id="isNickname" resultType="member" parameterType="String">
		select * from member where nickname = #{nickname}
	</select>
	
	<select id="getSchoolIdByName" resultType="int">
      SELECT school_id FROM school WHERE name = #{campusName}
    </select>
	
	
	<insert id="insert" parameterType="member">
    INSERT INTO member
    VALUES 
    (#{user_id}, #{school_id}, #{login_id}, #{nickname}, #{password},
     #{email}, #{school_check}, #{address_num}, #{address1},
     #{address2}, #{phone_num}, #{board_admin},
     #{account_status},#{admission_year} ,#{auth})
  </insert>


	<update id="update" parameterType="member">
		update member
		set name = #{name}, age = #{age},
			gender = #{gender}, email = #{email}
		where id = #{id}	
	</update>
	
	<!--  
	<select id="searchCount" resultType="int" parameterType="map">
		select count(*)
		from member
		where id != 'admin'
		<if test="search_field != null">
			and
			<choose>
				<when test='search_field=="id"'>id</when>
				<when test='search_field=="name"'>name</when>
				<when test='search_field=="age"'>age</when>
				<when test='search_field=="gender"'>gender</when>
			</choose> 
			like #{search_word}
		</if>
	</select>
	
	<select id="getSearchList" resultType="member" parameterType="map">
	    SELECT *
	    FROM (
	        SELECT ROWNUM rnum, b.* 
	        FROM (
	            SELECT *
	            FROM member
	            WHERE id != 'admin'
	            <if test="search_field != null">
	                AND
	                <choose>
	                    <when test='search_field=="id"'>id</when>
	                    <when test='search_field=="name"'>name</when>
	                    <when test='search_field=="age"'>age</when>
	                    <when test='search_field=="gender"'>gender</when>
	                </choose>
	                LIKE #{search_word}
	            </if>
	            ORDER BY id
	        ) b
	        WHERE ROWNUM &lt;= #{end}
	    )
	    WHERE rnum &gt;= #{start} AND rnum &lt;= #{end}
	</select>
	-->
	
	<sql id="search_">
		<if test="search_field != null">
			and
			<choose>
				<when test='search_field=="id"'>id</when>
				<when test='search_field=="name"'>name</when>
				<when test='search_field=="age"'>age</when>
				<when test='search_field=="gender"'>gender</when>
			</choose> 
			like #{search_word}
		</if>
	</sql>
	
	<select id="getSearchListCount" resultType="int" parameterType="map">
		select count(*)
		from member3
		where id != 'admin'
		<include refid="search_" />	
	</select>
	
	<select id="getSearchList" parameterType="map" resultType="member">
      select * 
      from (select rownum rnum, b.*
           from (select * 
                 from member3 
                 where id != 'admin'
                 <include refid="search_"/>
                 order by id
                 ) b
           where rownum &lt;= #{end}
           )
      where rnum between #{start} and #{end}
      <!-- where rnum &gt;= #{start} and rnum &lt;= #{end}  -->
   </select>
   
   <delete id="delete" parameterType="String">
      delete from Member3
      where id = #{id}
   </delete>
   
   <!-- ===========윤희============ -->
   <select id="getSchoolDomain" parameterType="String" resultType="String">
   	SELECT SCHOOL.DOMAIN
	FROM SCHOOL
	INNER JOIN MEMBER 
	ON SCHOOL.SCHOOL_ID = MEMBER.SCHOOL_ID
	WHERE MEMBER.LOGIN_ID = #{login_id}
   </select>
	
	
</mapper>